forecast_day,computation_time_seconds
2026-09-17,4.472855800297111
2026-09-18,4.413483500014991
2026-09-19,4.391762299928814
2026-09-20,4.658726699650288
2026-09-21,4.820563399698585
2026-09-22,4.70471949968487
2026-09-23,4.584848500322551
2026-09-24,4.6634150999598205
2026-09-26,4.931205900385976
2026-09-27,5.807611499913037
2026-09-28,4.776904199738056
2026-09-29,5.030860800296068
2026-09-30,4.714110600296408
2026-10-01,4.485281699802727
2026-10-02,4.560425899922848
2026-10-03,4.257130500394851
2026-10-04,5.707269000355154
2026-10-05,5.607072499580681
2026-10-06,5.708438000176102
2026-10-07,5.730605600401759
2026-10-08,5.324488500133157
2026-10-09,5.900384900160134
2026-10-10,5.8532945001497865
